{"cameraMode":{"drawMode":0,"name":"Shaded","section":"Shading Mode"},"sceneLighting":true,"audioPlay":false,"sceneViewState":{"m_AlwaysRefresh":false,"showFog":true,"showSkybox":true,"showFlares":true,"showImageEffects":true,"showParticleSystems":true,"showVisualEffectGraphs":true,"m_FxEnabled":true},"in2DMode":false,"pivot":{"x":-0.04917093366384506,"y":0.022766239941120149,"z":0.10314595699310303},"rotation":{"x":-0.19879119098186494,"y":0.3461402952671051,"z":-0.0753018707036972,"w":-0.913783609867096},"size":0.2828022539615631,"orthographic":false}